id,org_id,zalo_account_id,contact_id,threadType,external_thread_id,last_message_at,unread_count,is_replied,created_at,tab,group_avatar_url,group_members_count,group_name,is_virtual,deleted_at,silence_label,last_inbound_message_at,last_self_message_at,last_sale_message_at,message_reply_state
e43a6fb7-fdaf-43cc-9dba-9a9005dde7e9,4189574a-f0f9-46a5-be49-e5119dcc7376,2ba842fc-bee1-43b8-8d68-59211788570f,2b1c0976-b57d-4f25-93bd-5fc2ff453ee7,user,536725364599942463,2026-08-16 12:53:13.571,4,f,2026-08-16 12:52:23.001,main,,,,f,,,2026-08-16 12:53:13.571,,,unanswered
aaf1860d-e553-4950-8bf9-fa1b0a03ce10,4189574a-f0f9-46a5-be49-e5119dcc7376,2ba842fc-bee1-43b8-8d68-59211788570f,5c178ad4-5ae2-4ae2-87e3-6ac7729d4a87,user,3390759491973200195,2026-08-16 12:55:57.68,2,f,2026-08-16 12:55:54.43,main,,,,f,,,2026-08-16 12:55:57.68,,,unanswered
7efd06b9-6b4b-4f96-ac1e-83468c6b7b27,4189574a-f0f9-46a5-be49-e5119dcc7376,2ba842fc-bee1-43b8-8d68-59211788570f,92d45801-0ec1-42ca-a2b2-2a818484feed,user,1800391519938215089,2026-08-16 13:05:37.078,2,f,2026-08-16 13:05:33.969,main,,,,f,,,2026-08-16 13:05:37.078,,,unanswered
f61f63ea-aa7c-4b01-b9d1-03e9b1b4d109,4189574a-f0f9-46a5-be49-e5119dcc7376,2ba842fc-bee1-43b8-8d68-59211788570f,7a90fac4-ddae-4404-8f59-6f651024549c,user,453964820183110145,2026-08-16 13:06:06.082,4,f,2026-08-16 13:05:47.51,main,,,,f,,,2026-08-16 13:06:06.082,,,unanswered
f6b15856-de05-459e-bd0d-9679e4099365,4189574a-f0f9-46a5-be49-e5119dcc7376,2ba842fc-bee1-43b8-8d68-59211788570f,ad83d4ad-6aec-4147-ac69-499277935209,user,6661531394000664127,2026-08-16 13:13:03.098,2,f,2026-08-16 13:12:59.926,main,,,,f,,,2026-08-16 13:13:03.098,,,unanswered
6efc75f7-2934-4b87-9c88-033f6f3aa1c7,4189574a-f0f9-46a5-be49-e5119dcc7376,2ba842fc-bee1-43b8-8d68-59211788570f,4f3d3320-639c-4ad5-bd92-5eaac55f17be,user,754452832699214389,2026-08-16 13:25:07.146,7,f,2026-08-16 13:19:29.296,main,,,,f,,,2026-08-16 13:25:07.146,,,unanswered
f92fa424-ea2d-4673-8302-8f93e5cdb130,4189574a-f0f9-46a5-be49-e5119dcc7376,2ba842fc-bee1-43b8-8d68-59211788570f,b67b7fd4-4787-473e-801a-f1378cfd85ac,user,4050403720221267320,2026-08-16 13:23:01.654,3,f,2026-08-16 13:22:54.24,main,,,,f,,,2026-08-16 13:23:01.654,,,unanswered
3fe18c6a-2a4a-4ea7-b2ec-f4602b389ba8,4189574a-f0f9-46a5-be49-e5119dcc7376,2ba842fc-bee1-43b8-8d68-59211788570f,96ff2810-5584-480c-9b05-fa12c0471af2,user,9110700404104792354,2026-08-16 13:26:18.984,3,f,2026-08-16 13:25:48.329,main,,,,f,,,2026-08-16 13:26:18.984,,,unanswered
84ffb928-2348-4d18-be26-66c72b4fd448,4189574a-f0f9-46a5-be49-e5119dcc7376,2ba842fc-bee1-43b8-8d68-59211788570f,4bde908e-60a8-4f17-8944-00bdbebefbbe,user,380936385463964676,2026-08-16 13:29:01.829,2,f,2026-08-16 13:28:58.713,main,,,,f,,,2026-08-16 13:29:01.829,,,unanswered
